score,week_day_number,type,log_score
1,Sun,Minecraft,0.0
2,Mon,Minecraft,0.6931471805599453
7,Tue,Minecraft,1.9459101490553132
2,Thu,Minecraft,0.6931471805599453
2,Wed,Minecraft,0.6931471805599453
1,Mon,Minecraft,0.0
1,Sun,Minecraft,0.0
1,Tue,Minecraft,0.0
1,Wed,Minecraft,0.0
1,Tue,Minecraft,0.0
1,Tue,Minecraft,0.0
2,Thu,Minecraft,0.6931471805599453
3,Mon,Minecraft,1.0986122886681098
2,Fri,Minecraft,0.6931471805599453
2,Tue,Minecraft,0.6931471805599453
0,Sat,Minecraft,0.0
2,Tue,Minecraft,0.6931471805599453
2,Tue,Minecraft,0.6931471805599453
1,Wed,Minecraft,0.0
1,Thu,Minecraft,0.0
2,Thu,Minecraft,0.6931471805599453
1,Thu,Minecraft,0.0
3,Mon,Minecraft,1.0986122886681098
3,Mon,Minecraft,1.0986122886681098
2,Tue,Minecraft,0.6931471805599453
1,Tue,Minecraft,0.0
1,Fri,Minecraft,0.0
1,Sun,Minecraft,0.0
2,Tue,Minecraft,0.6931471805599453
26,Sun,Minecraft,3.258096538021482
5,Fri,Minecraft,1.6094379124341003
2,Tue,Minecraft,0.6931471805599453
1,Fri,Minecraft,0.0
1,Fri,Minecraft,0.0
1,Fri,Minecraft,0.0
1,Thu,Minecraft,0.0
18,Mon,Minecraft,2.8903717578961645
6,Sat,Minecraft,1.791759469228055
0,Sat,Minecraft,0.0
1,Fri,Minecraft,0.0
1,Wed,Minecraft,0.0
4,Fri,Minecraft,1.3862943611198906
1,Mon,Minecraft,0.0
1,Tue,Minecraft,0.0
2,Fri,Minecraft,0.6931471805599453
1,Wed,Minecraft,0.0
1,Mon,Minecraft,0.0
1,Fri,Minecraft,0.0
2,Tue,Minecraft,0.6931471805599453
1,Tue,Minecraft,0.0
2,Wed,Minecraft,0.6931471805599453
2,Wed,Minecraft,0.6931471805599453
1,Sun,Minecraft,0.0
1,Wed,Minecraft,0.0
1,Mon,Minecraft,0.0
2,Fri,Minecraft,0.6931471805599453
0,Mon,Minecraft,0.0
18,Tue,Minecraft,2.8903717578961645
1,Wed,Minecraft,0.0
1,Sun,Minecraft,0.0
1,Mon,Minecraft,0.0
2,Mon,Minecraft,0.6931471805599453
1,Wed,Minecraft,0.0
2,Sun,Minecraft,0.6931471805599453
1,Fri,Minecraft,0.0
-3,Mon,Minecraft,-1.0986122886681098
13,Fri,Minecraft,2.5649493574615367
2,Sun,Minecraft,0.6931471805599453
2,Tue,Minecraft,0.6931471805599453
1,Tue,Minecraft,0.0
0,Thu,Minecraft,0.0
1,Wed,Minecraft,0.0
2,Fri,Minecraft,0.6931471805599453
-18,Fri,Minecraft,-2.8903717578961645
1,Tue,Minecraft,0.0
27,Sun,Minecraft,3.295836866004329
1,Mon,Minecraft,0.0
2,Mon,Minecraft,0.6931471805599453
3,Tue,Minecraft,1.0986122886681098
1,Tue,Minecraft,0.0
1,Tue,Minecraft,0.0
1,Fri,Minecraft,0.0
1,Tue,Minecraft,0.0
1,Mon,Minecraft,0.0
1,Fri,Minecraft,0.0
2,Wed,Minecraft,0.6931471805599453
1,Fri,Minecraft,0.0
1,Fri,Minecraft,0.0
2,Mon,Minecraft,0.6931471805599453
1,Fri,Minecraft,0.0
1,Sun,Minecraft,0.0
2,Tue,Minecraft,0.6931471805599453
52,Sun,Minecraft,3.9512437185814275
2,Wed,Minecraft,0.6931471805599453
1,Mon,Minecraft,0.0
5,Wed,Minecraft,1.6094379124341003
1,Wed,Minecraft,0.0
2,Fri,Minecraft,0.6931471805599453
1,Tue,Minecraft,0.0
1,Sun,Minecraft,0.0
109,Wed,Minecraft,4.6913478822291435
18,Sat,Minecraft,2.8903717578961645
7,Fri,Minecraft,1.9459101490553132
3,Wed,Minecraft,1.0986122886681098
2,Thu,Minecraft,0.6931471805599453
5,Tue,Minecraft,1.6094379124341003
6,Thu,Minecraft,1.791759469228055
5,Mon,Minecraft,1.6094379124341003
0,Thu,Minecraft,0.0
1,Fri,Minecraft,0.0
1,Thu,Minecraft,0.0
1,Sun,Minecraft,0.0
0,Mon,Minecraft,0.0
1,Wed,Minecraft,0.0
1,Sun,Minecraft,0.0
86,Tue,Minecraft,4.454347296253507
3,Tue,Minecraft,1.0986122886681098
24,Thu,Minecraft,3.1780538303479458
1,Mon,Minecraft,0.0
1,Sat,Minecraft,0.0
2,Wed,Minecraft,0.6931471805599453
2,Sun,Minecraft,0.6931471805599453
0,Wed,Minecraft,0.0
2,Mon,Minecraft,0.6931471805599453
1,Tue,Minecraft,0.0
6,Thu,Minecraft,1.791759469228055
0,Tue,Minecraft,0.0
2,Mon,Minecraft,0.6931471805599453
-31,Thu,Minecraft,-3.4339872044851463
37,Thu,Minecraft,3.6109179126442243
1,Thu,Minecraft,0.0
3,Wed,Minecraft,1.0986122886681098
-1,Wed,Minecraft,-0.0
9,Thu,Minecraft,2.1972245773362196
1,Thu,Minecraft,0.0
87,Thu,Minecraft,4.465908118654584
0,Sat,Minecraft,0.0
1,Sun,Minecraft,0.0
1,Thu,Minecraft,0.0
1,Mon,Minecraft,0.0
2,Tue,Minecraft,0.6931471805599453
1,Sun,Minecraft,0.0
1,Tue,Minecraft,0.0
1,Fri,Minecraft,0.0
1,Wed,Minecraft,0.0
1,Thu,Minecraft,0.0
2,Sun,Minecraft,0.6931471805599453
1,Wed,Minecraft,0.0
1,Fri,Minecraft,0.0
8,Tue,Minecraft,2.0794415416798357
1,Tue,Minecraft,0.0
1,Mon,Minecraft,0.0
2,Wed,Minecraft,0.6931471805599453
5,Sun,Minecraft,1.6094379124341003
1,Thu,Minecraft,0.0
1,Sat,Minecraft,0.0
-16,Sun,Minecraft,-2.772588722239781
1,Fri,Minecraft,0.0
2,Fri,Minecraft,0.6931471805599453
1,Tue,Minecraft,0.0
2,Sun,Minecraft,0.6931471805599453
1,Thu,Minecraft,0.0
1,Sun,Minecraft,0.0
1,Sat,Minecraft,0.0
1,Fri,Minecraft,0.0
3,Thu,Minecraft,1.0986122886681098
1,Sun,Minecraft,0.0
1,Sun,Minecraft,0.0
3,Thu,Minecraft,1.0986122886681098
2,Tue,Minecraft,0.6931471805599453
1,Mon,Minecraft,0.0
1,Tue,Minecraft,0.0
2,Wed,Minecraft,0.6931471805599453
2,Wed,Minecraft,0.6931471805599453
0,Mon,Minecraft,0.0
4,Thu,Minecraft,1.3862943611198906
1,Mon,Minecraft,0.0
-28,Wed,Minecraft,-3.332204510175204
1,Fri,Minecraft,0.0
2,Tue,Minecraft,0.6931471805599453
2,Tue,Minecraft,0.6931471805599453
4,Wed,Minecraft,1.3862943611198906
1,Thu,Minecraft,0.0
2,Wed,Minecraft,0.6931471805599453
1,Fri,Minecraft,0.0
1,Thu,Minecraft,0.0
1,Mon,Minecraft,0.0
1,Fri,Minecraft,0.0
4,Mon,Minecraft,1.3862943611198906
1,Thu,Minecraft,0.0
6,Sun,Minecraft,1.791759469228055
2,Sun,Minecraft,0.6931471805599453
3,Thu,Minecraft,1.0986122886681098
76,Thu,Minecraft,4.330733340286331
1,Thu,Minecraft,0.0
3,Wed,Minecraft,1.0986122886681098
8,Mon,Minecraft,2.0794415416798357
2,Mon,Minecraft,0.6931471805599453
1,Tue,Minecraft,0.0
1,Fri,Minecraft,0.0
1,Sun,Minecraft,0.0
1,Wed,Minecraft,0.0
1,Mon,Minecraft,0.0
6,Sat,Minecraft,1.791759469228055
1,Fri,Minecraft,0.0
6,Mon,Minecraft,1.791759469228055
1,Mon,Minecraft,0.0
1,Sat,Minecraft,0.0
1,Sun,Minecraft,0.0
1,Sun,Minecraft,0.0
2,Mon,Minecraft,0.6931471805599453
3,Tue,Minecraft,1.0986122886681098
0,Fri,Minecraft,0.0
4,Mon,Minecraft,1.3862943611198906
5,Thu,Minecraft,1.6094379124341003
1,Thu,Minecraft,0.0
1,Fri,Minecraft,0.0
1,Tue,Minecraft,0.0
2,Wed,Minecraft,0.6931471805599453
0,Sat,Minecraft,0.0
1,Fri,Minecraft,0.0
3,Sat,Minecraft,1.0986122886681098
2,Sat,Minecraft,0.6931471805599453
1,Tue,Minecraft,0.0
8,Thu,Minecraft,2.0794415416798357
1,Tue,Minecraft,0.0
1,Tue,Minecraft,0.0
1,Sun,Minecraft,0.0
52,Sat,Minecraft,3.9512437185814275
1,Thu,Minecraft,0.0
6,Sat,Minecraft,1.791759469228055
1,Tue,Minecraft,0.0
20,Fri,Minecraft,2.995732273553991
1,Fri,Minecraft,0.0
2,Mon,Minecraft,0.6931471805599453
126,Mon,Minecraft,4.836281906951478
1,Fri,Minecraft,0.0
1,Fri,Minecraft,0.0
-13,Tue,Minecraft,-2.5649493574615367
-16,Sat,Minecraft,-2.772588722239781
2,Tue,Minecraft,0.6931471805599453
2,Tue,Minecraft,0.6931471805599453
1,Sun,Minecraft,0.0
1,Sun,Minecraft,0.0
1,Tue,Minecraft,0.0
2,Tue,Minecraft,0.6931471805599453
1,Fri,Minecraft,0.0
1,Tue,Minecraft,0.0
1,Fri,Minecraft,0.0
1,Wed,Minecraft,0.0
1,Tue,Minecraft,0.0
3,Sat,Minecraft,1.0986122886681098
2,Sun,Minecraft,0.6931471805599453
1,Sat,Minecraft,0.0
2,Mon,Minecraft,0.6931471805599453
7,Sun,Minecraft,1.9459101490553132
1,Fri,Minecraft,0.0
1,Sat,Minecraft,0.0
1,Wed,Minecraft,0.0
7,Sat,Minecraft,1.9459101490553132
1,Tue,Minecraft,0.0
2,Thu,Minecraft,0.6931471805599453
25,Tue,Minecraft,3.2188758248682006
1,Sat,Minecraft,0.0
2,Sun,Minecraft,0.6931471805599453
1,Fri,Minecraft,0.0
-38,Sat,Minecraft,-3.6375861597263857
21,Mon,Minecraft,3.044522437723423
1,Sat,Minecraft,0.0
2,Sat,Minecraft,0.6931471805599453
1,Fri,Minecraft,0.0
1,Sun,Minecraft,0.0
1,Tue,Minecraft,0.0
1,Mon,Minecraft,0.0
1,Tue,Minecraft,0.0
1,Thu,Minecraft,0.0
1,Mon,Minecraft,0.0
1,Thu,Minecraft,0.0
1,Wed,Minecraft,0.0
5,Sat,Minecraft,1.6094379124341003
1,Fri,Minecraft,0.0
1,Sat,Minecraft,0.0
1,Tue,Minecraft,0.0
1,Fri,Minecraft,0.0
1,Sun,Minecraft,0.0
2,Sat,Minecraft,0.6931471805599453
3,Sat,Minecraft,1.0986122886681098
1,Sun,Minecraft,0.0
1,Tue,Minecraft,0.0
1,Thu,Minecraft,0.0
2,Fri,Minecraft,0.6931471805599453
1,Thu,Minecraft,0.0
1,Sun,Minecraft,0.0
21,Sat,Minecraft,3.044522437723423
1,Wed,Minecraft,0.0
3,Fri,Minecraft,1.0986122886681098
1,Mon,Minecraft,0.0
2,Thu,Minecraft,0.6931471805599453
1,Fri,Minecraft,0.0
3,Sat,Minecraft,1.0986122886681098
1,Thu,Minecraft,0.0
3,Thu,Minecraft,1.0986122886681098
5,Sat,Minecraft,1.6094379124341003
-2,Sun,Minecraft,-0.6931471805599453
3,Sun,Minecraft,1.0986122886681098
2,Sun,Minecraft,0.6931471805599453
5,Mon,Minecraft,1.6094379124341003
59,Thu,Minecraft,4.07753744390572
3,Mon,Minecraft,1.0986122886681098
1,Thu,Minecraft,0.0
2,Sat,Minecraft,0.6931471805599453
2,Sun,Minecraft,0.6931471805599453
4,Sat,Minecraft,1.3862943611198906
3,Wed,Minecraft,1.0986122886681098
1,Sat,Minecraft,0.0
2,Fri,Minecraft,0.6931471805599453
1,Sun,Minecraft,0.0
1,Fri,Minecraft,0.0
1,Sun,Minecraft,0.0
1,Mon,Minecraft,0.0
1,Thu,Minecraft,0.0
-1,Thu,Minecraft,-0.0
29,Sun,LeagueOfLegends,3.367295829986474
5,Wed,LeagueOfLegends,1.6094379124341003
7,Tue,LeagueOfLegends,1.9459101490553132
1,Wed,LeagueOfLegends,0.0
1,Sat,LeagueOfLegends,0.0
8,Fri,LeagueOfLegends,2.0794415416798357
1,Mon,LeagueOfLegends,0.0
1,Mon,LeagueOfLegends,0.0
23,Tue,LeagueOfLegends,3.1354942159291497
1,Fri,LeagueOfLegends,0.0
12,Thu,LeagueOfLegends,2.4849066497880004
2,Tue,LeagueOfLegends,0.6931471805599453
1,Sun,LeagueOfLegends,0.0
1,Sun,LeagueOfLegends,0.0
122,Fri,LeagueOfLegends,4.804021044733257
3,Tue,LeagueOfLegends,1.0986122886681098
82,Fri,LeagueOfLegends,4.406719247264253
1,Tue,LeagueOfLegends,0.0
0,Mon,LeagueOfLegends,0.0
10,Tue,LeagueOfLegends,2.302585092994046
-1,Mon,LeagueOfLegends,-0.0
-4,Sat,LeagueOfLegends,-1.3862943611198906
0,Wed,LeagueOfLegends,0.0
81,Wed,LeagueOfLegends,4.394449154672439
0,Tue,LeagueOfLegends,0.0
29,Sat,LeagueOfLegends,3.367295829986474
5,Sun,LeagueOfLegends,1.6094379124341003
1,Wed,LeagueOfLegends,0.0
3,Fri,LeagueOfLegends,1.0986122886681098
1,Fri,LeagueOfLegends,0.0
2,Fri,LeagueOfLegends,0.6931471805599453
23,Tue,LeagueOfLegends,3.1354942159291497
1,Tue,LeagueOfLegends,0.0
1,Fri,LeagueOfLegends,0.0
4,Sun,LeagueOfLegends,1.3862943611198906
-1,Sun,LeagueOfLegends,-0.0
5,Tue,LeagueOfLegends,1.6094379124341003
2,Mon,LeagueOfLegends,0.6931471805599453
311,Thu,LeagueOfLegends,5.739792912179234
1,Thu,LeagueOfLegends,0.0
1,Mon,LeagueOfLegends,0.0
1,Fri,LeagueOfLegends,0.0
6,Mon,LeagueOfLegends,1.791759469228055
1,Tue,LeagueOfLegends,0.0
2,Thu,LeagueOfLegends,0.6931471805599453
1,Wed,LeagueOfLegends,0.0
0,Wed,LeagueOfLegends,0.0
8,Fri,LeagueOfLegends,2.0794415416798357
16,Tue,LeagueOfLegends,2.772588722239781
1,Fri,LeagueOfLegends,0.0
1,Sat,LeagueOfLegends,0.0
-2,Tue,LeagueOfLegends,-0.6931471805599453
0,Tue,LeagueOfLegends,0.0
3,Fri,LeagueOfLegends,1.0986122886681098
0,Sat,LeagueOfLegends,0.0
1,Tue,LeagueOfLegends,0.0
2,Mon,LeagueOfLegends,0.6931471805599453
4,Thu,LeagueOfLegends,1.3862943611198906
-13,Sat,LeagueOfLegends,-2.5649493574615367
1,Tue,LeagueOfLegends,0.0
6,Thu,LeagueOfLegends,1.791759469228055
25,Tue,LeagueOfLegends,3.2188758248682006
1,Sat,LeagueOfLegends,0.0
1,Tue,LeagueOfLegends,0.0
1,Sun,LeagueOfLegends,0.0
1,Fri,LeagueOfLegends,0.0
6,Fri,LeagueOfLegends,1.791759469228055
1,Mon,LeagueOfLegends,0.0
2,Sun,LeagueOfLegends,0.6931471805599453
1,Thu,LeagueOfLegends,0.0
2,Sat,LeagueOfLegends,0.6931471805599453
9,Wed,LeagueOfLegends,2.1972245773362196
2,Thu,LeagueOfLegends,0.6931471805599453
8,Mon,LeagueOfLegends,2.0794415416798357
1,Sat,LeagueOfLegends,0.0
2,Thu,LeagueOfLegends,0.6931471805599453
4,Wed,LeagueOfLegends,1.3862943611198906
1,Sat,LeagueOfLegends,0.0
17,Wed,LeagueOfLegends,2.833213344056216
10,Fri,LeagueOfLegends,2.302585092994046
1,Mon,LeagueOfLegends,0.0
1,Fri,LeagueOfLegends,0.0
1,Thu,LeagueOfLegends,0.0
3,Mon,LeagueOfLegends,1.0986122886681098
2,Fri,LeagueOfLegends,0.6931471805599453
1,Wed,LeagueOfLegends,0.0
2,Fri,LeagueOfLegends,0.6931471805599453
45,Wed,LeagueOfLegends,3.8066624897703196
1,Fri,LeagueOfLegends,0.0
1,Fri,LeagueOfLegends,0.0
9,Sat,LeagueOfLegends,2.1972245773362196
-19,Fri,LeagueOfLegends,-2.9444389791664403
1,Fri,LeagueOfLegends,0.0
3,Mon,LeagueOfLegends,1.0986122886681098
5,Thu,LeagueOfLegends,1.6094379124341003
24,Thu,LeagueOfLegends,3.1780538303479458
6,Wed,LeagueOfLegends,1.791759469228055
-8,Thu,LeagueOfLegends,-2.0794415416798357
19,Wed,LeagueOfLegends,2.9444389791664403
80,Fri,LeagueOfLegends,4.382026634673881
2,Fri,LeagueOfLegends,0.6931471805599453
1,Sat,LeagueOfLegends,0.0
2,Fri,LeagueOfLegends,0.6931471805599453
2,Sat,LeagueOfLegends,0.6931471805599453
-1,Tue,LeagueOfLegends,-0.0
1,Mon,LeagueOfLegends,0.0
1,Sun,LeagueOfLegends,0.0
2,Thu,LeagueOfLegends,0.6931471805599453
1,Tue,LeagueOfLegends,0.0
0,Tue,LeagueOfLegends,0.0
1,Tue,LeagueOfLegends,0.0
-13,Sat,LeagueOfLegends,-2.5649493574615367
10,Wed,LeagueOfLegends,2.302585092994046
1,Thu,LeagueOfLegends,0.0
2,Wed,LeagueOfLegends,0.6931471805599453
1,Tue,LeagueOfLegends,0.0
45,Tue,LeagueOfLegends,3.8066624897703196
2,Fri,LeagueOfLegends,0.6931471805599453
0,Fri,LeagueOfLegends,0.0
1,Tue,LeagueOfLegends,0.0
33,Mon,LeagueOfLegends,3.4965075614664802
3,Wed,LeagueOfLegends,1.0986122886681098
5,Mon,LeagueOfLegends,1.6094379124341003
1,Tue,LeagueOfLegends,0.0
2,Sun,LeagueOfLegends,0.6931471805599453
1,Tue,LeagueOfLegends,0.0
547,Thu,LeagueOfLegends,6.304448802421981
10,Sat,LeagueOfLegends,2.302585092994046
1,Mon,LeagueOfLegends,0.0
1,Tue,LeagueOfLegends,0.0
0,Thu,LeagueOfLegends,0.0
3,Mon,LeagueOfLegends,1.0986122886681098
2,Tue,LeagueOfLegends,0.6931471805599453
1,Tue,LeagueOfLegends,0.0
2,Mon,LeagueOfLegends,0.6931471805599453
-12,Mon,LeagueOfLegends,-2.4849066497880004
2,Fri,LeagueOfLegends,0.6931471805599453
3,Tue,LeagueOfLegends,1.0986122886681098
17,Tue,LeagueOfLegends,2.833213344056216
-1,Sat,LeagueOfLegends,-0.0
2,Wed,LeagueOfLegends,0.6931471805599453
3,Fri,LeagueOfLegends,1.0986122886681098
0,Sun,LeagueOfLegends,0.0
1,Thu,LeagueOfLegends,0.0
125,Wed,LeagueOfLegends,4.8283137373023015
7,Mon,LeagueOfLegends,1.9459101490553132
10,Wed,LeagueOfLegends,2.302585092994046
2,Fri,LeagueOfLegends,0.6931471805599453
5,Wed,LeagueOfLegends,1.6094379124341003
2,Tue,LeagueOfLegends,0.6931471805599453
22,Wed,LeagueOfLegends,3.091042453358316
26,Thu,LeagueOfLegends,3.258096538021482
3,Sun,LeagueOfLegends,1.0986122886681098
1,Tue,LeagueOfLegends,0.0
1,Thu,LeagueOfLegends,0.0
2,Sun,LeagueOfLegends,0.6931471805599453
1,Thu,LeagueOfLegends,0.0
2,Fri,LeagueOfLegends,0.6931471805599453
0,Tue,LeagueOfLegends,0.0
1,Tue,LeagueOfLegends,0.0
1,Wed,LeagueOfLegends,0.0
2,Mon,LeagueOfLegends,0.6931471805599453
4,Fri,LeagueOfLegends,1.3862943611198906
1,Thu,LeagueOfLegends,0.0
9,Tue,LeagueOfLegends,2.1972245773362196
26,Mon,LeagueOfLegends,3.258096538021482
1,Sun,LeagueOfLegends,0.0
9,Sat,LeagueOfLegends,2.1972245773362196
1,Mon,LeagueOfLegends,0.0
1,Tue,LeagueOfLegends,0.0
1,Thu,LeagueOfLegends,0.0
14,Sat,LeagueOfLegends,2.6390573296152584
35,Wed,LeagueOfLegends,3.5553480614894135
1,Fri,LeagueOfLegends,0.0
4,Sat,LeagueOfLegends,1.3862943611198906
1,Sun,LeagueOfLegends,0.0
5,Tue,LeagueOfLegends,1.6094379124341003
117,Fri,LeagueOfLegends,4.762173934797756
15,Mon,LeagueOfLegends,2.70805020110221
2,Sat,LeagueOfLegends,0.6931471805599453
2,Sun,LeagueOfLegends,0.6931471805599453
-25,Tue,LeagueOfLegends,-3.2188758248682006
2,Sat,LeagueOfLegends,0.6931471805599453
2,Thu,LeagueOfLegends,0.6931471805599453
3,Thu,LeagueOfLegends,1.0986122886681098
4,Tue,LeagueOfLegends,1.3862943611198906
2,Fri,LeagueOfLegends,0.6931471805599453
1,Tue,LeagueOfLegends,0.0
26,Sun,LeagueOfLegends,3.258096538021482
6,Wed,LeagueOfLegends,1.791759469228055
2,Wed,LeagueOfLegends,0.6931471805599453
-5,Sun,LeagueOfLegends,-1.6094379124341003
1,Sat,LeagueOfLegends,0.0
1,Tue,LeagueOfLegends,0.0
18,Thu,LeagueOfLegends,2.8903717578961645
1,Tue,LeagueOfLegends,0.0
0,Wed,LeagueOfLegends,0.0
2,Thu,LeagueOfLegends,0.6931471805599453
1,Sun,LeagueOfLegends,0.0
1,Mon,LeagueOfLegends,0.0
2,Wed,LeagueOfLegends,0.6931471805599453
1,Wed,LeagueOfLegends,0.0
6,Wed,LeagueOfLegends,1.791759469228055
11,Sat,LeagueOfLegends,2.3978952727983707
13,Fri,LeagueOfLegends,2.5649493574615367
15,Fri,LeagueOfLegends,2.70805020110221
2,Tue,LeagueOfLegends,0.6931471805599453
17,Sat,LeagueOfLegends,2.833213344056216
0,Tue,LeagueOfLegends,0.0
3,Wed,LeagueOfLegends,1.0986122886681098
4,Wed,LeagueOfLegends,1.3862943611198906
1,Fri,LeagueOfLegends,0.0
1,Sat,LeagueOfLegends,0.0
29,Tue,LeagueOfLegends,3.367295829986474
1,Mon,LeagueOfLegends,0.0
2,Tue,LeagueOfLegends,0.6931471805599453
3,Tue,LeagueOfLegends,1.0986122886681098
4,Sat,LeagueOfLegends,1.3862943611198906
16,Sun,LeagueOfLegends,2.772588722239781
1,Sat,LeagueOfLegends,0.0
2,Tue,LeagueOfLegends,0.6931471805599453
1,Sat,LeagueOfLegends,0.0
2,Tue,LeagueOfLegends,0.6931471805599453
1,Sat,LeagueOfLegends,0.0
31,Fri,LeagueOfLegends,3.4339872044851463
8,Tue,LeagueOfLegends,2.0794415416798357
1,Tue,LeagueOfLegends,0.0
4,Mon,LeagueOfLegends,1.3862943611198906
4,Sun,LeagueOfLegends,1.3862943611198906
2,Sun,LeagueOfLegends,0.6931471805599453
8,Tue,LeagueOfLegends,2.0794415416798357
2,Wed,LeagueOfLegends,0.6931471805599453
2,Sat,LeagueOfLegends,0.6931471805599453
1,Sat,LeagueOfLegends,0.0
6,Tue,LeagueOfLegends,1.791759469228055
1,Fri,LeagueOfLegends,0.0
79,Thu,LeagueOfLegends,4.3694478524670215
25,Fri,LeagueOfLegends,3.2188758248682006
1,Sun,LeagueOfLegends,0.0
2,Sat,LeagueOfLegends,0.6931471805599453
1,Sun,LeagueOfLegends,0.0
1,Fri,LeagueOfLegends,0.0
-1,Tue,LeagueOfLegends,-0.0
1,Tue,LeagueOfLegends,0.0
5,Tue,LeagueOfLegends,1.6094379124341003
1,Fri,LeagueOfLegends,0.0
2,Thu,LeagueOfLegends,0.6931471805599453
3,Sat,LeagueOfLegends,1.0986122886681098
4,Tue,LeagueOfLegends,1.3862943611198906
46,Thu,LeagueOfLegends,3.828641396489095
2,Mon,LeagueOfLegends,0.6931471805599453
1,Mon,LeagueOfLegends,0.0
1,Mon,LeagueOfLegends,0.0
1,Fri,LeagueOfLegends,0.0
-7,Tue,LeagueOfLegends,-1.9459101490553132
11,Sat,LeagueOfLegends,2.3978952727983707
1,Thu,LeagueOfLegends,0.0
0,Sat,LeagueOfLegends,0.0
1,Fri,LeagueOfLegends,0.0
5,Sun,LeagueOfLegends,1.6094379124341003
2,Mon,LeagueOfLegends,0.6931471805599453
1,Thu,LeagueOfLegends,0.0
0,Thu,LeagueOfLegends,0.0
1,Sat,LeagueOfLegends,0.0
1,Fri,LeagueOfLegends,0.0
0,Sat,LeagueOfLegends,0.0
39,Tue,LeagueOfLegends,3.6635616461296463
2,Sat,LeagueOfLegends,0.6931471805599453
23,Sun,LeagueOfLegends,3.1354942159291497
1,Tue,LeagueOfLegends,0.0
3,Fri,LeagueOfLegends,1.0986122886681098
3,Tue,LeagueOfLegends,1.0986122886681098
5,Mon,LeagueOfLegends,1.6094379124341003
1,Wed,LeagueOfLegends,0.0
5,Fri,LeagueOfLegends,1.6094379124341003
1,Sat,LeagueOfLegends,0.0
0,Tue,LeagueOfLegends,0.0
1,Thu,LeagueOfLegends,0.0
0,Sat,LeagueOfLegends,0.0
3,Sat,LeagueOfLegends,1.0986122886681098
31,Wed,LeagueOfLegends,3.4339872044851463
7,Sun,LeagueOfLegends,1.9459101490553132
7,Sat,LeagueOfLegends,1.9459101490553132
12,Sat,LeagueOfLegends,2.4849066497880004
1,Mon,LeagueOfLegends,0.0
6,Sat,LeagueOfLegends,1.791759469228055
0,Tue,LeagueOfLegends,0.0
1,Tue,LeagueOfLegends,0.0
1,Sun,LeagueOfLegends,0.0
2,Tue,LeagueOfLegends,0.6931471805599453
1,Mon,LeagueOfLegends,0.0
2,Fri,LeagueOfLegends,0.6931471805599453
47,Thu,LeagueOfLegends,3.8501476017100584
3,Sun,LeagueOfLegends,1.0986122886681098
0,Tue,LeagueOfLegends,0.0
10,Sat,LeagueOfLegends,2.302585092994046
6,Sun,LeagueOfLegends,1.791759469228055
1,Mon,LeagueOfLegends,0.0
30,Thu,LeagueOfLegends,3.4011973816621555
1,Mon,LeagueOfLegends,0.0
-1,Sun,LeagueOfLegends,-0.0
1,Sun,LeagueOfLegends,0.0
1,Thu,LeagueOfLegends,0.0
2,Mon,LeagueOfLegends,0.6931471805599453
1,Mon,LeagueOfLegends,0.0
2,Fri,LeagueOfLegends,0.6931471805599453
1,Thu,LeagueOfLegends,0.0
6,Thu,LeagueOfLegends,1.791759469228055
1,Mon,LeagueOfLegends,0.0
1,Sun,LeagueOfLegends,0.0
2,Tue,LeagueOfLegends,0.6931471805599453
4,Fri,LeagueOfLegends,1.3862943611198906
1,Sat,LeagueOfLegends,0.0
11,Mon,LeagueOfLegends,2.3978952727983707
3,Sat,LeagueOfLegends,1.0986122886681098
8,Wed,LeagueOfLegends,2.0794415416798357
3,Wed,LeagueOfLegends,1.0986122886681098
5,Fri,LeagueOfLegends,1.6094379124341003
1,Sat,LeagueOfLegends,0.0
4,Fri,LeagueOfLegends,1.3862943611198906
2,Fri,LeagueOfLegends,0.6931471805599453
1,Sun,LeagueOfLegends,0.0
24,Wed,LeagueOfLegends,3.1780538303479458
1,Tue,LeagueOfLegends,0.0
0,Fri,LeagueOfLegends,0.0
-6,Tue,LeagueOfLegends,-1.791759469228055
1,Wed,LeagueOfLegends,0.0
2,Wed,LeagueOfLegends,0.6931471805599453
2,Tue,LeagueOfLegends,0.6931471805599453
1,Wed,LeagueOfLegends,0.0
2,Mon,LeagueOfLegends,0.6931471805599453
3,Mon,LeagueOfLegends,1.0986122886681098
1,Fri,LeagueOfLegends,0.0
53,Wed,LeagueOfLegends,3.970291913552122
2,Tue,LeagueOfLegends,0.6931471805599453
203,Tue,LeagueOfLegends,5.313205979041787
2,Tue,LeagueOfLegends,0.6931471805599453
3,Fri,LeagueOfLegends,1.0986122886681098
1,Sat,LeagueOfLegends,0.0
1,Thu,LeagueOfLegends,0.0
1,Thu,LeagueOfLegends,0.0
75,Sat,LeagueOfLegends,4.31748811353631
1,Tue,LeagueOfLegends,0.0
20,Fri,LeagueOfLegends,2.995732273553991
1,Fri,LeagueOfLegends,0.0
1,Sun,LeagueOfLegends,0.0
1,Sun,LeagueOfLegends,0.0
1,Sat,LeagueOfLegends,0.0
-1,Wed,LeagueOfLegends,-0.0
1,Sun,LeagueOfLegends,0.0
22,Mon,LeagueOfLegends,3.091042453358316
1,Wed,LeagueOfLegends,0.0
1,Tue,LeagueOfLegends,0.0
1,Thu,LeagueOfLegends,0.0
20,Fri,LeagueOfLegends,2.995732273553991
3,Sat,LeagueOfLegends,1.0986122886681098
1,Sun,LeagueOfLegends,0.0
34,Mon,LeagueOfLegends,3.5263605246161616
-17,Thu,LeagueOfLegends,-2.833213344056216
8,Mon,LeagueOfLegends,2.0794415416798357
8,Sat,LeagueOfLegends,2.0794415416798357
2,Fri,LeagueOfLegends,0.6931471805599453
1,Sun,LeagueOfLegends,0.0
4,Mon,LeagueOfLegends,1.3862943611198906
-2,Sat,LeagueOfLegends,-0.6931471805599453
-6,Fri,LeagueOfLegends,-1.791759469228055
4,Sun,LeagueOfLegends,1.3862943611198906
-1,Sun,LeagueOfLegends,-0.0
1,Sat,LeagueOfLegends,0.0
4,Sat,LeagueOfLegends,1.3862943611198906
5,Tue,LeagueOfLegends,1.6094379124341003
5,Sat,LeagueOfLegends,1.6094379124341003
6,Wed,LeagueOfLegends,1.791759469228055
1,Sat,LeagueOfLegends,0.0
2,Sat,LeagueOfLegends,0.6931471805599453
3,Thu,LeagueOfLegends,1.0986122886681098
69,Sat,LeagueOfLegends,4.23410650459726
2,Sat,LeagueOfLegends,0.6931471805599453
1,Sun,LeagueOfLegends,0.0
-7,Sun,LeagueOfLegends,-1.9459101490553132
-4,Wed,LeagueOfLegends,-1.3862943611198906
2,Thu,LeagueOfLegends,0.6931471805599453
12,Sat,LeagueOfLegends,2.4849066497880004
6,Sat,LeagueOfLegends,1.791759469228055
5,Thu,LeagueOfLegends,1.6094379124341003
5,Mon,LeagueOfLegends,1.6094379124341003
823,Sun,LeagueOfLegends,6.71295620067707
1,Fri,LeagueOfLegends,0.0
22,Thu,LeagueOfLegends,3.091042453358316
36,Sat,LeagueOfLegends,3.58351893845611
-8,Sat,LeagueOfLegends,-2.0794415416798357
2,Sun,LeagueOfLegends,0.6931471805599453
6,Mon,LeagueOfLegends,1.791759469228055
7,Tue,LeagueOfLegends,1.9459101490553132
-4,Thu,LeagueOfLegends,-1.3862943611198906
4,Fri,LeagueOfLegends,1.3862943611198906
2,Sun,LeagueOfLegends,0.6931471805599453
1,Sun,LeagueOfLegends,0.0
0,Sun,LeagueOfLegends,0.0
2,Sun,LeagueOfLegends,0.6931471805599453
-1,Sun,LeagueOfLegends,-0.0
0,Fri,LeagueOfLegends,0.0
1,Fri,LeagueOfLegends,0.0
1,Sat,LeagueOfLegends,0.0
1,Sun,LeagueOfLegends,0.0
1,Sat,LeagueOfLegends,0.0
1,Sat,LeagueOfLegends,0.0
1,Sun,LeagueOfLegends,0.0
0,Sat,LeagueOfLegends,0.0
2,Thu,LeagueOfLegends,0.6931471805599453
6,Fri,LeagueOfLegends,1.791759469228055
1,Sat,LeagueOfLegends,0.0
6,Sun,LeagueOfLegends,1.791759469228055
1,Sat,LeagueOfLegends,0.0
10,Sun,LeagueOfLegends,2.302585092994046
1,Mon,LeagueOfLegends,0.0
4,Sun,LeagueOfLegends,1.3862943611198906
1,Fri,LeagueOfLegends,0.0
9,Fri,LeagueOfLegends,2.1972245773362196
1,Sun,LeagueOfLegends,0.0
-2,Sun,LeagueOfLegends,-0.6931471805599453
1,Fri,LeagueOfLegends,0.0
